type,displacementx,displacementy,displacementz,scalex,scaley,scalez
3,74,-10,-409,4,4,4
3,-74,-10,-409,4,4,4
3,74,-10,-285,4,4,4
3,-74,-10,-285,4,4,4
3,55,-10,-180,4,4,4
3,-55,-10,-180,4,4,4
4,0,-10,50,3,3,3
4,0,-10,340,3,3,3
4,0,-10,-347,3,3,3
4,-0.270593,-88.7332,-122.591,3,3,3
1,0,5.2,67,4,4,4
1,-32,5.2,67,4,4,4
1,32,5.2,67,4,4,4
1,0,5.2,99,4,4,4
1,-6.45817,5.2,37.3368,4,4,4
1,0,5.2,300,4,4,4
