Name,posX,posY,posZ,minAABBx,minAABBy,minAABBz,maxAABBx,maxAABBy,maxAABBz,scaleX,scaleY,scaleZ,rotateAngle
crate,24.2487,-10,-2.73083,-4,0,-4,8,8,8,4,4,4,-4.32e+008
crate,33.0401,-10,-30.7855,-5,0,-5,10,10,10,5,5,5,-4.32e+008
crate,-52.2062,-10,-6.19383,-7,0,-7,14,14,14,7,7,7,-4.31602e+008
crate,-54.5467,-10,-37.9077,-7,0,-7,14,14,14,7,7,7,-4.31602e+008
crate,-56.7104,-10,-67.2282,-7,0,-7,14,14,14,7,7,7,-4.31602e+008
crate,-58.4324,-10,-90.5648,-7,0,-7,14,14,14,7,7,7,-4.31602e+008
crate,-60.3752,-10,-116.893,-7,0,-7,14,14,14,7,7,7,-4.31602e+008
